customerID,churn_prediction,churn_probability
1024-GUALD,1,0.808
0484-JPBRU,0,0.1716
3620-EHIMZ,0,0.0186
6910-HADCM,1,0.8191
8587-XYZSF,0,0.0266
6818-WOBHJ,0,0.4863
3082-YVEKW,0,0.1422
4737-AQCPU,0,0.0155
4853-RULSV,0,0.1452
5766-ZJYBB,0,0.3716
2668-TZSPS,0,0.3737
3192-LNKRK,1,0.6028
5315-CKEQK,0,0.3854
5914-DVBWJ,1,0.7813
7998-ZLXWN,0,0.241
6328-ZPBGN,1,0.8901
9530-EHPOH,1,0.632
1853-UDXBW,1,0.8176
2672-TGEFF,1,0.7071
1902-XBTFB,1,0.7337
1640-PLFMP,1,0.861
3679-XASPY,0,0.3895
7356-IWLFW,0,0.471
9036-CSKBW,0,0.3445
8952-WCVCD,0,0.3902
2100-BDNSN,1,0.5749
2869-ADAWR,1,0.627
5832-EXGTT,0,0.33
9402-ORRAH,1,0.8902
4967-WPNCF,0,0.0488
8033-VCZGH,1,0.5087
9392-XBGTD,0,0.0482
0078-XZMHT,0,0.0687
0743-HNPFG,0,0.0707
5334-JLAXU,0,0.4036
5696-EXCYS,0,0.0774
2569-WGERO,0,0.014
5219-YIPTK,1,0.8115
5553-AOINX,0,0.4613
5502-RLUYV,1,0.5644
2058-DCJBE,1,0.8371
2293-IJWPS,0,0.4734
7130-VTEWQ,1,0.8862
0080-EMYVY,0,0.291
0148-DCDOS,1,0.8115
9170-ARBTB,0,0.0301
2070-FNEXE,1,0.6877
5364-EVNIB,1,0.7709
1112-CUNAO,1,0.8424
4576-CSAJH,0,0.2148
9967-ATRFS,0,0.2368
1360-RCYRT,0,0.4062
5038-ETMLM,0,0.1313
5663-QBGIS,0,0.1941
4194-WHFCB,0,0.3807
9481-WHGWY,0,0.0271
5453-YBTWV,0,0.0615
2018-PZKMU,1,0.7559
9277-JOOMO,0,0.4307
3629-ZNKXA,1,0.8619
0369-ZGOVK,0,0.4162
3604-WLABM,1,0.5034
4063-EIKNQ,0,0.2246
2878-RMWXY,0,0.1477
9540-JYROE,1,0.7769
7515-LODFU,0,0.0132
1839-FBNFR,0,0.0375
5397-NSKQG,0,0.0503
1755-FZQEC,0,0.0664
2160-GPFXD,0,0.0362
4415-IJZTP,1,0.8896
9880-TDQAC,0,0.0792
5138-WVKYJ,1,0.8337
8844-TONUD,1,0.7865
0080-OROZO,1,0.5734
0953-LGOVU,0,0.429
5325-UWTWJ,0,0.4686
1074-AMIOH,0,0.4435
5906-BFOZT,0,0.438
7026-YMSBE,0,0.0916
6572-ADKRS,0,0.4909
5922-ABDVO,1,0.7531
6475-VHUIZ,0,0.3807
1324-NLTJE,0,0.4837
4361-FEBGN,0,0.0247
8393-DLHGA,1,0.7735
6769-DCQLI,0,0.3302
3018-TFTSU,1,0.5885
2324-AALNO,0,0.0618
2300-RQGOI,0,0.0412
6133-OZILE,1,0.6132
7605-SNLQG,0,0.2634
5348-CAGXB,1,0.8729
0201-MIBOL,0,0.2533
7083-MIOPC,0,0.0106
0562-KBDVM,0,0.0293
1173-NOEYG,1,0.6899
7698-YFGEZ,0,0.3728
9061-TIHDA,1,0.9103
0016-QLJIS,0,0.055
7296-PIXQY,1,0.7036
9102-IAYHT,1,0.8263
6447-EGDIV,0,0.0938
3460-TJBWI,0,0.0663
3744-ZBHON,0,0.4383
1092-GANHU,1,0.7749
3948-KXDUF,0,0.0239
7284-ZZLOH,0,0.0483
6745-JEFZB,1,0.6309
2606-PKWJB,0,0.0923
1624-WOIWJ,1,0.757
8777-PVYGU,0,0.1373
4770-QAZXN,0,0.261
8012-SOUDQ,1,0.7607
5546-BYZSM,0,0.1513
0523-VNGTF,0,0.4076
3779-OSWCF,0,0.0414
8535-SFUTN,1,0.6071
2320-SLKMB,1,0.5184
7169-YWAMK,0,0.0158
8434-PNQZX,0,0.1741
4981-FLTMF,0,0.0865
9424-CMPOG,0,0.0876
3627-FCRDW,1,0.7861
1518-OMDIK,0,0.3459
8393-JMVMB,0,0.3717
7638-QVMVY,1,0.8691
6140-QNRQQ,1,0.8158
7969-FFOWG,0,0.0108
1342-JPNKI,1,0.8422
7080-TNUWP,0,0.2794
8949-JTMAY,1,0.792
0654-HMSHN,1,0.7763
2725-KXXWT,1,0.9026
2439-QKJUL,0,0.3381
1935-IMVBB,0,0.4988
4628-WQCQQ,1,0.5232
3724-BSCVH,0,0.1441
7605-BDWDC,0,0.14
7137-RYLPP,1,0.7953
3207-OYBWH,1,0.5543
4707-YNOQA,0,0.1008
6956-SMUCM,1,0.8063
8714-CTZJW,1,0.816
3662-FXJFO,0,0.0296
7623-HKYRK,0,0.2802
1353-GHZOS,0,0.2827
3323-CPBWR,1,0.7079
6152-ONASV,0,0.0436
9251-AWQGT,0,0.0217
4803-LBYPN,0,0.1122
8879-ZKJOF,0,0.1753
7354-OIJLX,1,0.8584
9129-UXERG,1,0.8009
5302-BDJNT,1,0.6608
7148-XZPHA,0,0.2778
2651-ZCBXV,0,0.1916
1304-NECVQ,1,0.8979
3374-TTZTK,0,0.2017
0229-LFJAF,0,0.02
1304-BCCFO,1,0.6863
0455-XFASS,1,0.8146
0221-WMXNQ,1,0.7679
2882-WDTBA,0,0.0243
8069-RHUXK,0,0.0214
4806-KEXQR,1,0.8699
2817-NTQDO,1,0.5406
3230-IUALN,0,0.0785
6500-JVEGC,0,0.198
7103-ZGVNT,0,0.0425
1837-YQUCE,0,0.0605
4800-VHZKI,0,0.4511
3887-PBQAO,0,0.0691
5177-RVZNU,0,0.0567
1729-VLAZJ,0,0.2414
4273-MBHYA,1,0.8892
8690-UPCZI,0,0.1502
6374-NTQLP,0,0.096
1618-CFHME,1,0.8876
4104-PVRPS,0,0.2313
4210-QFJMF,1,0.8746
5787-KXGIY,0,0.0092
3088-LHEFH,1,0.7363
8896-RAZCR,0,0.0264
7268-WNTCP,0,0.0114
5854-KSRBJ,0,0.0123
9907-SWKKF,1,0.7478
3932-CMDTD,1,0.7435
5277-ZLOOR,1,0.9252
2746-DIJLO,0,0.2222
9174-FKWZE,1,0.5677
9919-FZDED,0,0.0734
9488-FYQAU,0,0.2136
6869-FGJJC,0,0.1411
3349-ANQNH,1,0.5994
0222-CNVPT,0,0.3854
6900-PXRMS,1,0.7851
0230-WEQUW,0,0.0453
7629-WFGLW,0,0.2337
2235-EZAIK,0,0.0271
